截止日期_EndDt,月末标识_MonFlg,季末标识_QtrFlg,年末标识_YrFlg,政策性银行及国家开发银行总资产()_PolBanNatDevBank,大型商业银行总资产()_LarComBank,股份制商业银行总资产()_JoiComBan,城市商业银行总资产()_CitComBan,农村商业银行总资产()_RurComBan,农村合作银行总资产_RurCooBan,城市信用社总资产()_UrbCreCoo,农村信用社总资产()_RurCreCoo,非银行金融机构总资产()_NonFinIns,外资银行总资产()_ForBank,新型农村金融机构和邮政储蓄银行总资产()_RurFinInsPosSav,原保险保费收入(元)_PreInc,业务及管理费_BusManExp,银行存款(元)_BankDepo,投资(元)_Investment,保险资产总额(元)_InsurTotAss,养老保险公司企业年金投资管理资产(元)_EndInsAss,境内上市公司数(A、B股)(家)_DomListCorporNum,境内上市外资股(B股)(家)_DomListForgShare,境外上市公司数(H股)(家)_OverListCorpNum,股票总发行股本(A、B、H股)(股)_TotStkABH,股票总发行股本(流通股本:A、B、H股)(股)_TotStkCircuABH,股票市价总值(A、B股)(元)_StkMakCapit,股票市价总值(股票流通市值:A、B股)(元)_StkMakCapitValue,日均股票成交金额(元)_AverDailStkTurn,股票有效帐户数(户)_StkEffAccountNum,证券投资基金数量(只)_NumSecuInvFund,交易所上市证券投资基金成交金额(元)_ExchgListSecu,股票成交金额(元)_StkTurn,固有资产余额(元)_InhAssBal,所有者权益(元)_OwnEqu,经营收入(元)_OpeInc,利润总额(元)_TotPro,人均利润(元)_ProPer,信托资产总额(元)_TrustTotAss,
1999-01-31,1,,,,,,,,,,,,,,8851130000.0000,650060000.0000,69044870000.0000,53300100000.0000,,,,,,,,,,,,,,,,,,,,
1999-02-28,1,,,,,,,,,,,,,,15436970000.0000,1552210000.0000,67739380000.0000,54677560000.0000,,,,,,,,,,,,,,,,,,,,
1999-03-31,1,1,,,,,,,,,,,,,28371940000.0000,3274400000.0000,75328860000.0000,64890540000.0000,,,,,,,,,,,,,,,,,,,,
1999-04-30,1,,,,,,,,,,,,,,41611470000.0000,4463790000.0000,76793050000.0000,65886360000.0000,,,,,,,,,,,,,,,,,,,,
1999-05-31,1,,,,,,,,,,,,,,52894910000.0000,5590900000.0000,79924140000.0000,72083090000.0000,,,,,,,,,,,,,,,,,,,,
1999-06-30,1,1,,,,,,,,,,,,,72963250000.0000,7431710000.0000,83664020000.0000,81283640000.0000,,,,,,,,,,,,,,,,,,,,
1999-07-31,1,,,,,,,,,,,,,,80769230000.0000,8643540000.0000,79938760000.0000,87459610000.0000,,,,,,,,,,,,,,,,,,,,
1999-08-31,1,,,,,,,,,,,,,,89453210000.0000,9911420000.0000,84082830000.0000,87122150000.0000,,,,,,,,,,,,,,,,,,,,
1999-09-30,1,1,,,,,,,,,,,,,100412890000.0000,11377110000.0000,87913610000.0000,81321110000.0000,,,,,,,,,,,,,,,,,,,,
1999-10-31,1,,,,,,,,,,,,,,111882280000.0000,12647020000.0000,89571960000.0000,85450420000.0000,,,,,,,,,,,,,,,,,,,,
1999-11-30,1,,,,,,,,,,,,,,125635280000.0000,14308530000.0000,90433080000.0000,87815310000.0000,,,,,,,,,,,,,,,,,,,,
1999-12-31,1,1,1,,,,,,,,,,,,139321790000.0000,18273450000.0000,92597870000.0000,89141520000.0000,,,,,,,,,,,,,,,,,,,,
2000-01-31,1,,,,,,,,,,,,,,9466150000.0000,1015060000.0000,88476970000.0000,74582360000.0000,,,,,,,,,,,,,,,,,,,,
2000-02-29,1,,,,,,,,,,,,,,17908080000.0000,2233970000.0000,96288070000.0000,88051220000.0000,,,,,,,,,,,,,,,,,,,,
2000-03-31,1,1,,,,,,,,,,,,,32410930000.0000,3978320000.0000,107887570000.0000,105353800000.0000,,,,,,,,,,,,,,,,,,,,
2000-04-30,1,,,,,,,,,,,,,,45567920000.0000,5366760000.0000,106006860000.0000,102832480000.0000,,,,,,,,,,,,,,,,,,,,
2000-05-31,1,,,,,,,,,,,,,,58723420000.0000,6717270000.0000,108712610000.0000,106455830000.0000,,,,,,,,,,,,,,,,,,,,
2000-06-30,1,1,,,,,,,,,,,,,79303690000.0000,8570200000.0000,113954000000.0000,108366920000.0000,,,,,,,,,,,,,,,,,,,,
2000-07-31,1,,,,,,,,,,,,,,89447370000.0000,10169010000.0000,113832570000.0000,108979610000.0000,,,,,,,,,,,,,,,,,,,,
2000-08-31,1,,,,,,,,,,,,,,101119870000.0000,11598950000.0000,112421830000.0000,109211930000.0000,,,,,,,,,,,,,,,,,,,,
2000-09-30,1,1,,,,,,,,,,,,,113091370000.0000,13055000000.0000,117087420000.0000,103804890000.0000,,,,,,,,,,,,,,,,,,,,
2000-10-31,1,,,,,,,,,,,,,,128231390000.0000,14988050000.0000,118803030000.0000,112797670000.0000,,,,,,,,,,,,,,,,,,,,
2000-11-30,1,,,,,,,,,,,,,,143030860000.0000,16881760000.0000,117748240000.0000,119045460000.0000,,,,,,,,,,,,,,,,,,,,
2000-12-31,1,1,1,,,,,,,,,,,,159585770000.0000,21660860000.0000,123538270000.0000,130322480000.0000,,,,,,,,,,,,,,,,,,,,
2001-01-31,1,,,,,,,,,,,,,,11881180000.0000,1130790000.0000,137555900000.0000,121435710000.0000,,,,,,,,,,,,,,,,,,,,
2001-02-28,1,,,,,,,,,,,,,,26209810000.0000,2525600000.0000,142951910000.0000,123478210000.0000,,,,,,,,,,,,,,,,,,,,
2001-03-31,1,1,,,,,,,,,,,,,44219850000.0000,4502180000.0000,156101720000.0000,119441370000.0000,,,,,,,,,,,,,,,,,,,,
2001-04-30,1,,,,,,,,,,,,,,60298800000.0000,6180660000.0000,154349010000.0000,126616410000.0000,,,,,,,,,,,,,,,,,,,,
2001-05-31,1,,,,,,,,,,,,,,77941560000.0000,7734480000.0000,152472050000.0000,134330840000.0000,,,,,,,,,,,,,,,,,,,,
2001-06-30,1,1,,,,,,,,,,,,,102230690000.0000,9872880000.0000,165946310000.0000,134055660000.0000,,,,,,,,,,,,,,,,,,,,
2001-07-31,1,,,,,,,,,,,,,,116335450000.0000,11802100000.0000,164115490000.0000,130237330000.0000,,,,,,,,,,,,,,,,,,,,
2001-08-31,1,,,,,,,,,,,,,,131089228400.0000,13573014700.0000,175705965200.0000,135161832700.0000,,,,,,,,,,,,,,,,,,,,
2001-09-30,1,1,,,,,,,,,,,,,149323650400.0000,15949099700.0000,182375321300.0000,137576242800.0000,,,,,,,,,,,,,,,,,,,,
2001-10-31,1,,,,,,,,,,,,,,166846020200.0000,17965527900.0000,188434934400.0000,144348437600.0000,,,,,,,,,,,,,,,,,,,,
2001-11-30,1,,,,,,,,,,,,,,185917097900.0000,20315777500.0000,193741547100.0000,154676774700.0000,,,,,,,,,,,,,,,,,,,,
2001-12-31,1,1,1,,,,,,,,,,,,210935433700.0000,25835805000.0000,193059489900.0000,171258781700.0000,,,,,,,,,,,,,,,,,,,,
2002-01-31,1,,,,,,,,,,,,,,24139724600.0000,1573917500.0000,207171328300.0000,175644150500.0000,,,,,,,,,,,,,,,,,,,,
2002-02-28,1,,,,,,,,,,,,,,48466415700.0000,3469872800.0000,193077686500.0000,185211434100.0000,,,,,,,,,,,,,,,,,,,,
2002-03-31,1,1,,,,,,,,,,,,,85988448100.0000,5815509800.0000,203442062400.0000,201123192500.0000,,,,,,,,,,,,,,,,,,,,
2002-04-30,1,,,,,,,,,,,,,,109237253800.0000,8323563500.0000,213790973300.0000,205477156400.0000,,,,,,,,,,,,,,,,,,,,
2002-05-31,1,,,,,,,,,,,,,,131161528000.0000,10430286400.0000,235622395400.0000,205310888500.0000,,,,,,,,,,,,,,,,,,,,
2002-06-30,1,1,,,,,,,,,,,,,160819790000.0000,13192304800.0000,250119145200.0000,210347721100.0000,,,,,,,,,,,,,,,,,,,,
2002-07-31,1,,,,,,,,,,,,,,180907349200.0000,15728871800.0000,253290316200.0000,213111204000.0000,,,,,,,,,,,,,,,,,,,,
2002-08-31,1,,,,,,,,,,,,,,201404498000.0000,18041989400.0000,260052403800.0000,214787398900.0000,,,,,,,,,,,,,,,,,,,,
2002-09-30,1,1,,,,,,,,,,,,,226272115000.0000,20723188200.0000,268379099100.0000,230883145300.0000,,,,,,,,,,,,,,,,,,,,
2002-10-31,1,,,,,,,,,,,,,,248573878200.0000,23099643700.0000,277908575100.0000,226885630000.0000,,,,,,,,,,,,,,,,,,,,
2002-11-30,1,,,,,,,,,,,,,,273770079400.0000,25887779200.0000,288174308500.0000,227215527100.0000,,,,,,,,,,,,,,,,,,,,
2002-12-31,1,1,1,,,,,,,,,,,,305313907800.0000,31437221400.0000,302626997000.0000,250406083700.0000,,,,,,,,,,,,,,,,,,,,
2003-01-31,1,,,,,,,,,,,,,,36390814200.0000,2050097600.0000,298668458200.0000,257846723000.0000,,,1229.0000,111.0000,76.0000,592552000000.0000,205432000000.0000,42530.4700,13824.9300,14863000000.0000,,,8831000000.0000,2972.7100,,,,,,
2003-02-28,1,,,,,,,,,,,,,,69999706100.0000,4420080700.0000,303414730000.0000,272275674300.0000,,,1232.0000,111.0000,77.0000,593427000000.0000,205867000000.0000,42937.6100,13955.2500,10806000000.0000,,,4555000000.0000,1620.8700,,,,,,
2003-03-31,1,1,,,,,,,,,,,,,114169036200.0000,7288160100.0000,318857715500.0000,291606392800.0000,,,1238.0000,111.0000,77.0000,594272000000.0000,206281000000.0000,42729.1300,13807.4400,9906000000.0000,,,4041000000.0000,2080.2700,,,,,,
2003-04-30,1,,,,,,,,,,,,,,144243000000.0000,10070000000.0000,317642000000.0000,323120000000.0000,,,1243.0000,111.0000,78.0000,601133000000.0000,210792000000.0000,42679.9200,13824.1000,25985000000.0000,,79.0000,13431000000.0000,5716.6900,,,,,,
2003-05-31,1,,,,,,,,,,,,,,172815000000.0000,12707000000.0000,326380000000.0000,331756000000.0000,,,1243.0000,111.0000,78.0000,604013000000.0000,212332000000.0000,44387.5100,14386.7700,21055000000.0000,,79.0000,5114000000.0000,3158.3300,,,,,,
2003-06-30,1,1,,,,,,,,,,,,,215425572400.0000,16109483200.0000,357626377400.0000,323667597900.0000,,,1250.0000,111.0000,82.0000,611027000000.0000,215105000000.0000,41629.5300,13454.3800,10017000000.0000,,82.0000,7935000000.0000,2478.7100,,,,,,
2003-07-31,1,,,,,,,,,,,,,,239836711600.0000,18831450700.0000,360305819600.0000,342402585100.0000,,,1259.0000,111.0000,82.0000,619858000000.0000,219399000000.0000,41485.7100,13425.0900,7140000000.0000,,90.0000,4750000000.0000,2303.7800,,,,,,
2003-08-31,1,,,,,,,,,,,,,,265409799000.0000,21304242900.0000,366200028500.0000,355950947800.0000,,,1268.0000,111.0000,82.0000,623942000000.0000,221039000000.0000,40305.6800,13063.2400,7140000000.0000,,95.0000,1969000000.0000,1499.5800,,,,,,
2003-09-30,1,1,,,,,,,,,,,,,296812813900.0000,24997394300.0000,383238830800.0000,354662168200.0000,,,1273.0000,111.0000,83.0000,628600000000.0000,222622000000.0000,39080.7900,12663.7200,7472000000.0000,,99.0000,1832000000.0000,1643.7800,,,,,,
2003-10-31,1,,,,,,,,,,,,,,322804024800.0000,29291418100.0000,397487555700.0000,380051780500.0000,,,1278.0000,111.0000,85.0000,632341000000.0000,224121000000.0000,38522.5100,12379.0700,8886000000.0000,,104.0000,1593000000.0000,1599.4600,,,,,,
2003-11-30,1,,,,,,,,,,,,,,353078325900.0000,30860106500.0000,420602233600.0000,342822753300.0000,,,1282.0000,111.0000,90.0000,641749000000.0000,226079000000.0000,40109.8400,12774.0100,13917000000.0000,,104.0000,3944000000.0000,2783.5000,,,,,,
2003-12-31,1,1,1,21247.0000,160512.0000,29599.0000,14622.0000,385.0000,,146800000000.0000,2650900000000.0000,910000000000.0000,416000000000.0000,898400000000.0000,388039609300.0000,36121836300.0000,454966830500.0000,382886545600.0000,,,1287.0000,111.0000,93.0000,642846000000.0000,226758000000.0000,42457.7100,13178.5200,18512000000.0000,,110.0000,10270000000.0000,4257.5800,,,,,,
2004-01-31,1,,,,,,,,,,,,,,38184498200.0000,2505735500.0000,451276959700.0000,406009700100.0000,,,1290.0000,111.0000,94.0000,646243000000.0000,228490000000.0000,45456.4800,14301.4300,27609000000.0000,,112.0000,5879000000.0000,3589.1900,,,,,,
2004-02-29,1,,,,,,,,,,,,,,74375279700.0000,5080090400.0000,464636693600.0000,414111918100.0000,,,1293.0000,111.0000,97.0000,646918000000.0000,228803000000.0000,48441.3200,15320.8100,35645000000.0000,,113.0000,8399000000.0000,7129.1700,,,,,,
2004-03-31,1,1,,,,,,,,,,,,,119983337300.0000,8491078400.0000,484414775700.0000,436125643400.0000,,,1302.0000,111.0000,98.0000,649564000000.0000,229816000000.0000,50417.4200,15855.9400,24770000000.0000,,120.0000,9318000000.0000,5697.1900,,,,,,
2004-04-30,1,,,,,,,,,,,,,,155395947200.0000,11695458700.0000,484141592900.0000,452464168800.0000,,,1314.0000,111.0000,99.0000,658930000000.0000,234067000000.0000,45804.9600,14367.6800,23707000000.0000,,126.0000,5278000000.0000,5215.6200,,,,,,
2004-05-31,1,,,,,,,,,,,,,,190191793300.0000,14764459600.0000,499910549200.0000,452489375600.0000,,,1324.0000,111.0000,99.0000,672932000000.0000,239004000000.0000,44742.6300,14119.7500,11257000000.0000,,134.0000,2240000000.0000,1801.2500,,,,,,
2004-06-30,1,1,,,,,,,,,,,,,237354021300.0000,18705698100.0000,519391695800.0000,453764526000.0000,,,1346.0000,111.0000,106.0000,685908000000.0000,243366000000.0000,40408.0900,12604.3600,11836000000.0000,,142.0000,2298000000.0000,2604.0800,,,,,,
2004-07-31,1,,,,,,,,,,,,,,266661532100.0000,22169481500.0000,507791799800.0000,476084494700.0000,,,1367.0000,111.0000,106.0000,700041000000.0000,250511000000.0000,40377.1900,12717.6500,11531000000.0000,,144.0000,1598000000.0000,2536.7700,,,,,,
2004-08-31,1,,,,,,,,,,,,,,297936153800.0000,25356939300.0000,501100727700.0000,500090201900.0000,,,1380.0000,111.0000,106.0000,704726000000.0000,253616000000.0000,39031.3900,12223.7300,8475000000.0000,,148.0000,842000000.0000,1864.5200,,,,,,
2004-09-30,1,1,,,,,,,,,,,,,333976752900.0000,29045855200.0000,504924236500.0000,511363906700.0000,,,1378.0000,110.0000,106.0000,704794000000.0000,253734000000.0000,40928.6100,12906.9700,17893000000.0000,,151.0000,2006000000.0000,3936.3800,,,,,,
2004-10-31,1,,,,,,,,,,,,,,366933578300.0000,32510285000.0000,503378828800.0000,526609912500.0000,,,1378.0000,110.0000,106.0000,713498000000.0000,256789000000.0000,38741.8800,12231.5900,17958000000.0000,,153.0000,1917000000.0000,2873.3800,,,,,,
2004-11-30,1,,,,,,,,,,,,,,399569810500.0000,36915282300.0000,503679859800.0000,547616521000.0000,,,1377.0000,110.0000,107.0000,714259000000.0000,257109000000.0000,39458.9600,12532.4200,13713000000.0000,,156.0000,2843000000.0000,3016.7800,,,,,,
2004-12-31,1,1,1,24123.0000,179817.0000,36476.0000,17056.0000,565.0000,,178700000000.0000,3076700000000.0000,872700000000.0000,582300000000.0000,1085000000000.0000,431813498100.0000,43581959000.0000,553785213500.0000,571193950000.0000,,,1377.0000,110.0000,111.0000,714943000000.0000,257719000000.0000,37055.5700,11688.6400,8999000000.0000,,161.0000,2596000000.0000,2069.6200,,,,,,
2005-01-31,1,,,,,,,,,,,,,,45887816900.0000,3302173000.0000,491900204700.0000,349338351600.0000,,,1377.0000,110.0000,111.0000,715195000000.0000,258009000000.0000,34877.6200,11067.7700,8703000000.0000,,166.0000,1403000000.0000,1740.7300,,,,,,
2005-02-28,1,,,,,,,,,,,,,,77200192600.0000,6716819800.0000,493287612100.0000,610216079900.0000,,,1378.0000,110.0000,111.0000,722557000000.0000,260628000000.0000,38443.1200,12161.1800,15263000000.0000,,167.0000,3819000000.0000,1984.2800,,,,,,
2005-03-31,1,1,,,,,,,,,,,,,147684998600.0000,10673320700.0000,497087119200.0000,668406636700.0000,,,1379.0000,110.0000,111.0000,723559000000.0000,261256000000.0000,34802.7200,10996.5200,12945000000.0000,,175.0000,7100000000.0000,2977.3000,,,,,,
2005-04-30,1,,,,,,,,,,,,,,184838229000.0000,14674763100.0000,490509300700.0000,682786488000.0000,,,1382.0000,110.0000,112.0000,729943000000.0000,264677000000.0000,33871.0800,10658.9900,14118000000.0000,,180.0000,6996000000.0000,2964.5600,,,,,,
2005-05-31,1,,,,,,,,,,,,,,219468783000.0000,18295212900.0000,494516497700.0000,718987798500.0000,,,1388.0000,110.0000,112.0000,740727000000.0000,269493000000.0000,31330.3400,9989.1700,8575000000.0000,,184.0000,3914000000.0000,1457.7400,,,,,,
2005-06-30,1,1,,,,,,,,,,,,,270936189500.0000,22936026600.0000,506546386400.0000,738147301900.0000,,,1391.0000,110.0000,114.0000,751003000000.0000,273493000000.0000,31590.0200,10004.2100,14028000000.0000,,191.0000,9073000000.0000,3086.1000,,,,,,
2005-07-31,1,,,,,,,,,,,,,,302175568900.0000,27103453100.0000,496543216000.0000,765391423100.0000,,,1390.0000,110.0000,117.0000,757217000000.0000,276924000000.0000,31397.3400,9814.8500,10364000000.0000,,195.0000,6693000000.0000,2176.5900,,,,,,
2005-08-31,1,,,,,,,,,,,,,,335235471000.0000,31101026600.0000,500674350300.0000,786331598300.0000,,,1389.0000,110.0000,117.0000,758681000000.0000,280551000000.0000,33445.6100,10633.6700,20180000000.0000,,199.0000,13490000000.0000,4641.2700,,,,,,
2005-09-30,1,1,,,,,,,,,,,,,377871945000.0000,36014318700.0000,499403293200.0000,807698583900.0000,,,1381.0000,109.0000,118.0000,757393000000.0000,280045000000.0000,33367.6000,10692.7600,18538000000.0000,,204.0000,5428000000.0000,4078.2200,,,,,,
2005-10-31,1,,,,,,,,,,,,,,412262086500.0000,40031745800.0000,507399073200.0000,834520748400.0000,,,1381.0000,109.0000,120.0000,759447000000.0000,283319000000.0000,31373.1800,10132.0900,12883000000.0000,,206.0000,3577000000.0000,2061.2000,,,,,,
2005-11-30,1,,,,,,,,,,,,,,454813251400.0000,44647809100.0000,513572938100.0000,864679653700.0000,,,1381.0000,109.0000,120.0000,761676000000.0000,287148000000.0000,31095.1600,10135.7000,10132000000.0000,,213.0000,7324000000.0000,2229.1000,,,,,,
2005-12-31,1,1,1,29283.0000,210050.0000,44655.0000,20367.0000,3029.0000,275000000000.0000,203300000000.0000,3142700000000.0000,1016200000000.0000,715500000000.0000,1378700000000.0000,492733504000.0000,52596267000.0000,524143067500.0000,889440995900.0000,,,1381.0000,109.0000,122.0000,762951000000.0000,291477000000.0000,32430.2800,10630.5200,10307000000.0000,,218.0000,8496000000.0000,2267.6900,,,,,,
2006-01-31,1,,,,,,,,,,,,,,55840716800.0000,4847276800.0000,506812194800.0000,901746628500.0000,,,1378.0000,109.0000,122.0000,757929000000.0000,293940000000.0000,34931.9400,11753.7500,22257000000.0000,,221.0000,7254000000.0000,3561.0500,,,,,,
2006-02-28,1,,,,,,,,,,,,,,99724236400.0000,8952024300.0000,544163293800.0000,918361229000.0000,,,1377.0000,109.0000,125.0000,762885000000.0000,301434000000.0000,35766.3500,12199.5200,21424000000.0000,,223.0000,8225000000.0000,3642.1900,,,,,,
2006-03-31,1,1,,,,,,,,,,,,,160146886800.0000,13290744800.0000,548821620600.0000,946343920000.0000,,,1376.0000,109.0000,126.0000,764937000000.0000,308089000000.0000,35341.7400,12434.2700,17352000000.0000,,229.0000,8111000000.0000,3991.1800,,,,,,
2006-04-30,1,,,,,,,,,,,,,,204544728400.0000,18080011800.0000,535702918900.0000,956706571500.0000,,,1372.0000,109.0000,129.0000,768787000000.0000,318464000000.0000,37769.0900,13635.1700,35789000000.0000,,239.0000,12508000000.0000,7157.8500,,,,,,
2006-05-31,1,,,,,,,,,,,,,,247655613300.0000,22941414900.0000,545301928100.0000,987167676800.0000,,,1372.0000,109.0000,130.0000,773698000000.0000,326577000000.0000,43210.4400,16162.8300,59598000000.0000,,247.0000,17571000000.0000,10727.6100,,,,,,
2006-06-30,1,1,,,,,,,,,,,,,308028169100.0000,28779389700.0000,566731032200.0000,1014103005000.0000,,,1375.0000,109.0000,132.0000,788248000000.0000,337080000000.0000,44200.7900,16749.0700,40880000000.0000,,257.0000,15446000000.0000,8993.5500,,,,,,
2006-07-31,1,,,,,,,,,,,,,,342429864200.0000,33648586000.0000,558531493500.0000,1030632850000.0000,,,1379.0000,109.0000,132.0000,1054030000000.0000,424577000000.0000,47459.6800,16007.4100,38549000000.0000,,266.0000,9924000000.0000,8095.2500,,,,,,
2006-08-31,1,,,,,,,,,,,,,,382095301800.0000,38991340500.0000,542903702500.0000,1048353537000.0000,,,1392.0000,109.0000,132.0000,1087189000000.0000,441435000000.0000,49609.8700,17020.9200,23692000000.0000,,276.0000,7423000000.0000,5449.3500,,,,,,
2006-09-30,1,1,,,,,,,,,,,,,430918498100.0000,45142769000.0000,554336133300.0000,1087908879000.0000,,,1396.0000,109.0000,135.0000,1096034000000.0000,448497000000.0000,52282.7900,17994.3700,31419000000.0000,,276.0000,9664000000.0000,6598.0200,,,,,,
2006-10-31,1,,,,,,,,,,,,,,470025108000.0000,50417331100.0000,546669094200.0000,1125292496000.0000,,,1406.0000,109.0000,136.0000,1450711000000.0000,541533000000.0000,62025.7100,18886.2400,39082000000.0000,,282.0000,13904000000.0000,6643.8100,,,,,,
2006-11-30,1,,,,,,,,,,,,,,517741765700.0000,56359365100.0000,568394811900.0000,1143128512000.0000,,,1418.0000,109.0000,136.0000,1464366000000.0000,553933000000.0000,70852.8500,21488.9100,46725000000.0000,,294.0000,29380000000.0000,10279.5600,,,,,,
2006-12-31,1,1,1,34732.0000,242364.0000,54446.0000,25938.0000,5038.0000,465400000000.0000,183100000000.0000,3450300000000.0000,1059400000000.0000,927900000000.0000,1612200000000.0000,564144449600.0000,66706292500.0000,598909675200.0000,1179629024000.0000,,,1434.0000,109.0000,143.0000,1489757000000.0000,563779000000.0000,89403.9000,25003.6400,72997000000.0000,,301.0000,51558000000.0000,15329.4700,,,,,,
2007-01-31,1,,,,,,,,,,,,,,68138561900.0000,5221668200.0000,572157058900.0000,1314093615000.0000,,,1445.0000,109.0000,143.0000,1524281000000.0000,580645000000.0000,105643.4700,30407.6800,127802000000.0000,,310.0000,61502000000.0000,25560.3500,,,,,,
2007-02-28,1,,,,,,,,,,,,,,118514373000.0000,11087285600.0000,620989722700.0000,1341592598000.0000,,,1453.0000,109.0000,143.0000,1533974000000.0000,586435000000.0000,112870.4600,34036.0900,116371000000.0000,,312.0000,38249000000.0000,17455.6300,,,,,,
2007-03-31,1,1,,,,,,,,,,,,,196453213500.0000,17747116300.0000,634405648800.0000,1410071710000.0000,,,1461.0000,109.0000,143.0000,1545657000000.0000,596565000000.0000,128033.3600,38972.4900,145529000000.0000,,319.0000,49890000000.0000,32016.4200,,,,,,
2007-04-30,1,,,,,,,,,,,,,,253185962000.0000,24457533300.0000,758897052100.0000,1466395981000.0000,,,1472.0000,109.0000,145.0000,1604331000000.0000,627771000000.0000,160929.5600,52134.9600,233916000000.0000,,323.0000,72545000000.0000,49122.6400,,,,,,
2007-05-31,1,,,,,,,,,,,,,,304110252600.0000,30615829300.0000,699729650700.0000,1507763157000.0000,,,1474.0000,109.0000,146.0000,1667301000000.0000,667013000000.0000,177739.5000,59397.8600,327470000000.0000,,327.0000,86365000000.0000,58944.9300,,,,,,
2007-06-30,1,1,,,,,,,,,,,,,371830988000.0000,38915327800.0000,753698108300.0000,1553850456000.0000,,,1477.0000,109.0000,146.0000,1689243000000.0000,681096000000.0000,166232.7900,55572.8100,257524000000.0000,,330.0000,133314000000.0000,54080.0300,,,,,,
2007-07-31,1,,,,,,,,,,,,,,416260985400.0000,46242455400.0000,701144984800.0000,1629122004000.0000,,,1483.0000,109.0000,146.0000,1709137000000.0000,691517000000.0000,199191.5100,67382.7500,150253000000.0000,,333.0000,68707000000.0000,33055.8600,,,,,,
2007-08-31,1,,,,,,,,,,,,,,468610318600.0000,54072398500.0000,702203621900.0000,1702475474000.0000,,,1504.0000,109.0000,147.0000,1716759000000.0000,701056000000.0000,233087.1300,79336.2400,237584000000.0000,,340.0000,96862000000.0000,54644.3100,,,,,,
2007-09-30,1,1,,,,,,,,,,,,,532792133300.0000,64317910200.0000,736806355900.0000,1825822915000.0000,,,1517.0000,109.0000,147.0000,1970869000000.0000,941078000000.0000,253157.0000,85555.7300,231441000000.0000,,341.0000,70038000000.0000,46288.1500,,,,,,
2007-10-31,1,,,,,,,,,,,,,,583543965900.0000,71452625000.0000,733194269500.0000,1894376077000.0000,,,1520.0000,109.0000,148.0000,1999032000000.0000,972051000000.0000,280235.6200,89141.5600,195216000000.0000,,341.0000,71242000000.0000,35138.9000,,,,,,
2007-11-30,1,,,,,,,,,,,,,,644300872000.0000,78975281600.0000,799320196400.0000,1830612749000.0000,,,1532.0000,109.0000,148.0000,2188229000000.0000,1003167000000.0000,289884.5300,78522.6300,114451000000.0000,,346.0000,57408000000.0000,25179.0800,,,,,,
2007-12-31,1,1,1,42781.0000,285000.0000,72742.0000,33405.0000,6097.0000,646000000000.0000,131200000000.0000,4343400000000.0000,971700000000.0000,1252500000000.0000,1768700000000.0000,703575980900.0000,94761934400.0000,651625881800.0000,2020568537800.0000,,,1550.0000,109.0000,148.0000,2241685000000.0000,1033152000000.0000,327140.8900,93064.3500,145349000000.0000,,346.0000,55888000000.0000,29069.9200,,,,,,
2008-01-31,1,,,,,,,,,,,,,,105647027900.0000,8045319700.0000,723124225200.0000,1907973303000.0000,,,1558.0000,109.0000,148.0000,2249749000000.0000,1043158000000.0000,277854.8200,84369.3500,211502000000.0000,94789900.0000,347.0000,79773000000.0000,46530.4500,,,,,,
2008-02-29,1,,,,,,,,,,,,,,187474205600.0000,15452087700.0000,740519807200.0000,1938126916000.0000,,,1568.0000,109.0000,148.0000,2267352000000.0000,1059752000000.0000,281633.0200,90740.2600,131947000000.0000,95089400.0000,347.0000,34111000000.0000,21111.6800,,,,,,
2008-03-31,1,1,,,,,,,,,,,,,297910037400.0000,23480266000.0000,690602449500.0000,1969459424000.0000,,,1571.0000,109.0000,149.0000,2292048000000.0000,1077973000000.0000,226789.1400,76449.8100,135869000000.0000,96199900.0000,353.0000,51943000000.0000,28532.4200,,,,,,
2008-04-30,1,,,,,,,,,,,,,,379730745400.0000,32814471000.0000,674201313800.0000,2060891853000.0000,,,1576.0000,109.0000,150.0000,2337068000000.0000,1107998000000.0000,240244.2500,79464.5300,128101000000.0000,97484400.0000,359.0000,93534000000.0000,26901.4000,,,,,,
2008-05-31,1,,,,,,,,,,,,,,459927332500.0000,40735020800.0000,667629511800.0000,2072132856000.0000,,,1595.0000,109.0000,150.0000,2371961000000.0000,1142078000000.0000,224866.7000,75911.6900,147335000000.0000,98457900.0000,365.0000,57759000000.0000,29466.8700,,,,,,
2008-06-30,1,1,,,,,,,,,,,,,561790561100.0000,49222440300.0000,697775982300.0000,2008555496300.0000,,,1607.0000,109.0000,152.0000,2388816000000.0000,1159623000000.0000,178035.1000,59625.4500,84312000000.0000,99373500.0000,386.0000,38159000000.0000,16862.6400,,,,,,
2008-07-31,1,,,,,,,,,,,,,,636417611900.0000,58121010600.0000,764835410200.0000,1993173982000.0000,,,1614.0000,109.0000,152.0000,2399678000000.0000,1171912000000.0000,181884.6000,61945.7400,101131000000.0000,100313700.0000,396.0000,43744000000.0000,23260.2700,,,,,,
2008-08-31,1,,,,,,,,,,,,,,713399131300.0000,66757046400.0000,717705605000.0000,2009548744000.0000,,,1620.0000,109.0000,153.0000,2417780000000.0000,1201514000000.0000,155435.2900,53145.7800,56233000000.0000,101025800.0000,401.0000,28309000000.0000,11808.8000,,,,,,
2008-09-30,1,1,,,,,,,,,,,,,793962915000.0000,75231492500.0000,703972230900.0000,2172159261100.0000,,,1625.0000,109.0000,153.0000,2427652000000.0000,1212038000000.0000,148164.0000,50016.6400,60745000000.0000,101903300.0000,405.0000,34908000000.0000,11541.6900,,,,,,
2008-10-31,1,,,,,,,,,,,,,,855448027300.0000,83226461300.0000,722716393900.0000,2163042551000.0000,,,1625.0000,109.0000,153.0000,2432553000000.0000,1223373000000.0000,112067.8000,37706.0500,51980000000.0000,102550800.0000,418.0000,31081000000.0000,10395.9800,,,,,,
2008-11-30,1,,,,,,,,,,,,,,915044721600.0000,92489495300.0000,803932908800.0000,2173307811000.0000,,,1624.0000,109.0000,153.0000,2433497000000.0000,1232246000000.0000,122484.2400,42945.9200,85562000000.0000,103568800.0000,427.0000,41386000000.0000,17112.2900,,,,,,
2008-12-31,1,1,1,56454.0000,325751.0000,88337.0000,41320.0000,9291.0000,1003300000000.0000,80400000000.0000,5211300000000.0000,1180200000000.0000,1344800000000.0000,2216300000000.0000,978409664100.0000,107952282700.0000,808755091900.0000,2246521611000.0000,,,1625.0000,109.0000,153.0000,2452285000000.0000,1257891000000.0000,121366.4400,45213.9000,102557000000.0000,104496900.0000,439.0000,48399000000.0000,23588.1500,,,,,,
2009-01-31,1,,,,,,,,,,,,,,114764132300.0000,8377280200.0000,819480106600.0000,2236362408000.0000,,,1625.0000,109.0000,153.0000,2453942000000.0000,1266388000000.0000,133095.4900,51845.7900,99445000000.0000,103289100.0000,445.0000,25614000000.0000,14916.7700,,,,,,
2009-02-28,1,,,,,,,,,,,,,,212316705900.0000,16780570100.0000,888462077700.0000,2206277360000.0000,,,1625.0000,109.0000,153.0000,2456453000000.0000,1275486000000.0000,140389.2000,55596.6100,201950000000.0000,104854400.0000,446.0000,68204000000.0000,40390.0100,,,,,,
2009-03-31,1,1,,,,,,,,,,,,,327670255900.0000,26170233500.0000,1000471013000.0000,2217849696000.0000,,,1625.0000,109.0000,153.0000,2458491000000.0000,1297317000000.0000,161474.2400,68134.8500,170704000000.0000,106318300.0000,461.0000,70128000000.0000,37554.7500,,,,,,
2009-04-30,1,,,,,,,,,,,,,,414045933000.0000,35245078000.0000,1039431287000.0000,2202583350000.0000,,,1625.0000,109.0000,153.0000,2471199000000.0000,1324979000000.0000,169253.3100,73450.2500,217809000000.0000,107694000.0000,474.0000,77071000000.0000,45740.1200,,,,,,
2009-05-31,1,,,,,,,,,,,,,,495049138700.0000,44042941700.0000,1052939582000.0000,2247369951000.0000,,,1623.0000,109.0000,153.0000,2485489000000.0000,1357868000000.0000,179786.6400,80141.1000,205976000000.0000,108777300.0000,480.0000,62919000000.0000,37075.8000,,,,,,
2009-06-30,1,1,,,,,,,,,,,,,598610885400.0000,54269016400.0000,1044515011000.0000,2327971815200.0000,,,1623.0000,109.0000,153.0000,2489659000000.0000,1366344000000.0000,201448.0600,91169.0800,209449230000.0000,110406200.0000,492.0000,72046000000.0000,46178.8300,,,,,,
2009-07-31,1,,,,,,,,,,,,,,678637795700.0000,64832865700.0000,1029289600000.0000,2448401587000.0000,,,1628.0000,109.0000,154.0000,2535639000000.0000,1563015000000.0000,235734.8100,116696.9300,308244000000.0000,112786600.0000,502.0000,112739000000.0000,70896.1500,,,,,,
2009-08-31,1,,,,,,,,,,,,,,759465066400.0000,73505080100.0000,985233836700.0000,2341957656000.0000,,,1638.0000,109.0000,154.0000,2544688000000.0000,1594399000000.0000,187095.4000,94582.5400,240654900000.0000,114978600.0000,511.0000,139561000000.0000,50537.5300,,,,,,
2009-09-30,1,1,,,,,,,,,,,,,858030017600.0000,84794319900.0000,1005803987000.0000,2423154583000.0000,,,1650.0000,109.0000,156.0000,2569808000000.0000,1614306000000.0000,196901.6900,100746.9200,200901000000.0000,116448900.0000,524.0000,107065000000.0000,44198.2100,,,,,,
2009-10-31,1,,,,,,,,,,,,,,936093921300.0000,94426345200.0000,985303810400.0000,2507962261000.0000,,,1682.0000,109.0000,156.0000,2577089000000.0000,1934639000000.0000,215892.0100,130920.1400,202326000000.0000,117305400.0000,531.0000,73047000000.0000,32372.1900,,,,,,
2009-11-30,1,,,,,,,,,,,,,,1021675691000.0000,105472128100.0000,968593828000.0000,2587904246000.0000,,,1693.0000,109.0000,157.0000,2591604000000.0000,1948057000000.0000,239503.0400,143525.2300,304816000000.0000,118827800.0000,536.0000,109133000000.0000,64011.3600,,,,,,
2009-12-31,1,1,1,69456.0000,407998.0000,118181.0000,56800.0000,18661.0000,1279100000000.0000,27200000000.0000,5494500000000.0000,1550400000000.0000,1349200000000.0000,2704500000000.0000,1113729892000.0000,123405866500.0000,1051968317000.0000,2689743240000.0000,,,1718.0000,108.0000,159.0000,2616285000000.0000,1975953000000.0000,243939.1200,151258.6500,226587000000.0000,120376900.0000,557.0000,107431000000.0000,52115.0200,,,,,,
2010-01-31,1,,,,,,,,,,,,,,164297874400.0000,9510633300.0000,1065802372000.0000,2642802565000.0000,,,1754.0000,108.0000,159.0000,2634660000000.0000,2003301000000.0000,226361.6200,144919.6200,239506000000.0000,120329100.0000,559.0000,96670000000.0000,47901.2800,,,,,,
2010-02-28,1,,,,,,,,,,,,,,298805852800.0000,19963191500.0000,1085263355000.0000,2712921669000.0000,,,1775.0000,108.0000,159.0000,2655722000000.0000,2009091000000.0000,236597.0000,150489.7400,162124000000.0000,121091300.0000,570.0000,39439000000.0000,24318.6100,,,,,,
2010-03-31,1,1,,,,,,,,,,,,,454136238100.0000,31951188400.0000,1159474457000.0000,2794327176500.0000,,,1807.0000,108.0000,159.0000,2676819000000.0000,2028878000000.0000,244952.5800,156605.5700,191804000000.0000,122889800.0000,576.0000,16589000000.0000,44114.9200,123110000000.0000,108660000000.0000,3880000000.0000,2610000000.0000,350000.0000,23745.4000
2010-04-30,1,,,,,,,,,,,,,,565515667200.0000,43382440500.0000,1146026335000.0000,2824218567000.0000,,,1837.0000,108.0000,159.0000,2699482000000.0000,2073182000000.0000,227905.5000,147308.3500,247283000000.0000,124152300.0000,589.0000,24672000000.0000,51929.3700,,,,,,
2010-05-31,1,,,,,,,,,,,,,,673706120300.0000,54451731100.0000,1146438184000.0000,2904836150000.0000,,,1863.0000,108.0000,159.0000,2730763310000.0000,2108696000000.0000,209639.4300,136372.7400,164236000000.0000,125275400.0000,601.0000,77635000000.0000,32847.2600,,,,,,
2010-06-30,1,1,,,,,,,,,,,,,799855405600.0000,67627782200.0000,1270032661000.0000,2895446631000.0000,,,1891.0000,108.0000,159.0000,2768141000000.0000,2148491000000.0000,195138.7300,126761.5300,133200000000.0000,126297700.0000,619.0000,48509000000.0000,25307.9600,123910000000.0000,109050000000.0000,9628000000.0000,6547000000.0000,820600.0000,29152.5000
2010-07-31,1,,,,,,,,,,,,,,903910522100.0000,79201891000.0000,1233809909000.0000,2982212378000.0000,,,1916.0000,108.0000,160.0000,3122168000000.0000,2218369000000.0000,225922.0500,143114.3200,148516000000.0000,127344600.0000,626.0000,55923000000.0000,32673.4600,,,,,,
2010-08-31,1,,,,,,,,,,,,,,1009913266000.0000,90735915400.0000,1284344150000.0000,3035432038000.0000,,,1947.0000,108.0000,161.0000,3179554000000.0000,2233913000000.0000,235121.3600,148750.3300,215322000000.0000,128471700.0000,638.0000,70178000000.0000,47370.8700,,,,,,
2010-09-30,1,1,,,,,,,,,,,,,1132429690000.0000,104524958700.0000,1307028486000.0000,3125310640000.0000,,,1976.0000,108.0000,161.0000,3201729000000.0000,2247143000000.0000,238740.3600,152413.1000,232526000000.0000,129473300.0000,652.0000,49982000000.0000,44180.0500,131425000000.0000,114220000000.0000,10942000000.0000,7600000000.0000,1340000.0000,29570.1600
2010-10-31,1,,,,,,,,,,,,,,1238308350000.0000,117599061200.0000,1306102010000.0000,3226456336000.0000,,,1997.0000,108.0000,163.0000,3221818000000.0000,2276756000000.0000,270133.5900,175984.8600,392737000000.0000,130681300.0000,657.0000,109753000000.0000,62837.8600,,,,,,
2010-11-30,1,,,,,,,,,,,,,,1344035301000.0000,131664194400.0000,1285403884000.0000,3249162359000.0000,,,2026.0000,108.0000,163.0000,3266344000000.0000,2486054000000.0000,264315.5800,190075.2000,392737000000.0000,132624800.0000,675.0000,138539000000.0000,82570.1300,,,,,,
2010-12-31,1,1,1,76521.0000,468943.0000,149037.0000,78526.0000,27670.0000,1500200000000.0000,2200000000.0000,6391100000000.0000,2089600000000.0000,1742300000000.0000,3510100000000.0000,1452797146000.0000,153835147000.0000,1390997143000.0000,3213665129000.0000,,,2063.0000,108.0000,165.0000,3318435000000.0000,2564203000000.0000,265422.5900,193110.4100,215573000000.0000,133910400.0000,704.0000,83713000000.0000,49581.7700,148344000000.0000,132020000000.0000,28395000000.0000,15876000000.0000,2120000.0000,30404.5500
2011-01-31,1,,,,,,,,,,,,,,171688603500.0000,13021452900.0000,1360902609000.0000,3342778485000.0000,,,2094.0000,108.0000,165.0000,3332050000000.0000,2591943000000.0000,261289.8500,192350.9400,173496400000.0000,129931000.0000,722.0000,56863000000.0000,34699.2800,,,,,,
2011-02-28,1,,,,,,,,,,,,,,308268317900.0000,24106320700.0000,1459912750000.0000,3367144005000.0000,,,2121.0000,108.0000,165.0000,3339666000000.0000,2607372000000.0000,276857.7200,204864.7300,250496000000.0000,130905000.0000,729.0000,53320000000.0000,37574.4100,,,,,,
2011-03-31,1,1,,,,,,,,,,,,,461715800300.0000,38544854300.0000,1625711366000.0000,3389928469000.0000,,,2151.0000,108.0000,165.0000,3355100000000.0000,2631628000000.0000,277662.1800,207838.9100,275213000000.0000,132733400.0000,748.0000,83021000000.0000,63298.8900,153518000000.0000,139472000000.0000,7067000000.0000,4719000000.0000,540000.0000,32680.3100
2011-04-30,1,,,,,,,,,,,,,,570800778700.0000,51986921100.0000,1526804151000.0000,3422572031000.0000,,,2175.0000,108.0000,165.0000,3390056000000.0000,2666632000000.0000,274637.3700,207513.6300,241712000000.0000,133674400.0000,763.0000,57373000000.0000,45925.3100,,,,,,
2011-05-31,1,,,,,,,,,,,,,,676763628300.0000,66452884100.0000,1550829106000.0000,3417364089000.0000,,,2201.0000,108.0000,166.0000,3439065000000.0000,2710746000000.0000,258191.3700,196869.6500,162252000000.0000,134525400.0000,780.0000,43423000000.0000,34072.9200,,,,,,
2011-06-30,1,1,,,,,,,,,,,,,805660526400.0000,82212237000.0000,1765764805000.0000,3439260786000.0000,,,2229.0000,108.0000,167.0000,3486006000000.0000,2749364000000.0000,264214.3400,200864.7900,149458000000.0000,135442400.0000,810.0000,39991000000.0000,31386.2500,161400000000.0000,144536000000.0000,17272000000.0000,11910000000.0000,1110000.0000,37420.1500
2011-07-31,1,,,,,,,,,,,,,,905518157300.0000,96839239400.0000,1598188965000.0000,3572716228000.0000,,,2249.0000,108.0000,168.0000,3528968000000.0000,2798181000000.0000,263380.6900,200023.4900,200822000000.0000,136896900.0000,819.0000,45590000000.0000,42172.5900,,,,,,
2011-08-31,1,,,,,,,,,,,,,,1007048090000.0000,111497628600.0000,1617470071000.0000,3584630235000.0000,,,2273.0000,108.0000,168.0000,3551224000000.0000,2832976000000.0000,254617.2000,193076.3700,160752000000.0000,137806200.0000,837.0000,49523000000.0000,36973.0200,,,,,,
2011-09-30,1,1,,,,,,,,,,,,,1125400651000.0000,128841524400.0000,1718330067000.0000,3542766002000.0000,,,2294.0000,108.0000,168.0000,3564457000000.0000,2840935000000.0000,231596.2700,176104.1900,106268000000.0000,138580600.0000,868.0000,44975000000.0000,22316.3400,164526000000.0000,149276000000.0000,26585000000.0000,18477000000.0000,1650000.0000,40977.7300
2011-10-31,1,,,,,,,,,,,,,,1222371678000.0000,143789123500.0000,1682820088000.0000,3684816409800.0000,,,2304.0000,108.0000,168.0000,3581119000000.0000,2851167000000.0000,242982.9200,184611.8900,129271000000.0000,139090800.0000,872.0000,46965000000.0000,20683.2600,,,,,,
2011-11-30,1,,,,,,,,,,,,,,1325760509000.0000,160771567200.0000,1667052725000.0000,3723585896600.0000,,,,,,,,,,,,,,32556.6500,,,,,,
2011-12-31,1,1,1,93133.0000,536336.0000,183794.0000,99845.0000,42527.0000,1402500000000.0000,3000000000.0000,7204700000000.0000,2606700000000.0000,2153500000000.0000,4353600000000.0000,1433925122000.0000,188237994700.0000,1773717103000.0000,3773667466000.0000,,,2342.0000,108.0000,171.0000,3609552000000.0000,2885026000000.0000,214758.1000,164921.3000,172806000000.0000,140503700.0000,915.0000,636580000000.0000,19990.8000,182508000000.0000,163278000000.0000,43929000000.0000,29857000000.0000,2500000.0000,48114.3800
2012-01-31,1,,,,,,,,,,,,,,189176236900.0000,15425470700.0000,1713922363000.0000,3822691372700.0000,,,2352.0000,108.0000,171.0000,3615259000000.0000,2899129000000.0000,220919.2800,171191.6900,110846870000.0000,135261400.0000,916.0000,49329000000.0000,16627.0300,,,,,,
2012-02-29,1,,,,,,,,,,,,,,327886240900.0000,29597117200.0000,1857226427000.0000,3848625016500.0000,,,2364.0000,108.0000,170.0000,3619462000000.0000,2906086000000.0000,238810.5200,184524.8800,160296000000.0000,136067100.0000,925.0000,69517000000.0000,33661.9800,,,,,,
2012-03-31,1,1,,,,,,,,,,,,,483481407900.0000,46726602600.0000,2069848235000.0000,3818392235000.0000,,,2389.0000,108.0000,170.0000,3658209000000.0000,2923578000000.0000,224704.9000,172635.1700,175594000000.0000,137033400.0000,956.0000,61149000000.0000,38630.6400,186735000000.0000,169810000000.0000,10617000000.0000,7718000000.0000,620000.0000,53016.0700
2012-04-30,1,,,,,,,,,,,,,,592206834100.0000,62967815900.0000,1934987008000.0000,3898443193000.0000,,,2403.0000,108.0000,171.0000,3677399000000.0000,2940466000000.0000,238177.9300,183644.4700,157876000000.0000,137354100.0000,969.0000,46211000000.0000,26838.9200,,,,,,
2012-05-31,1,,,,,,,,,,,,,,707829898700.0000,78689623000.0000,1989613301000.0000,3951878322000.0000,643676990.1000,,2422.0000,108.0000,171.0000,3722059000000.0000,2969364000000.0000,239308.0500,183743.6300,159728000000.0000,137788900.0000,995.0000,132273000000.0000,35140.1600,,,,,,
2012-06-30,1,1,,,,,,,,,,,,,853246403100.0000,97189546400.0000,2257780451000.0000,3922620578000.0000,677602308.9000,155206130000.0000,2444.0000,108.0000,172.0000,3759675000000.0000,2995704000000.0000,226209.2800,173101.3300,120159000000.0000,138255400.0000,1026.0000,56418000000.0000,24031.7700,200351000000.0000,180683000000.0000,25900000000.0000,18996000000.0000,1427600.0000,55382.2000
2012-07-31,1,,,,,,,,,,,,,,958657528600.0000,113467077100.0000,2051096673000.0000,4046629094000.0000,660870251.5000,,2462.0000,108.0000,174.0000,3788085000000.0000,3039899000000.0000,213192.0100,164556.8900,113500000000.0000,138607900.0000,1040.0000,68283000000.0000,24969.9300,,,,,,
2012-08-31,1,,,,,,,,,,,,,,1072723867000.0000,130589755500.0000,2069817928000.0000,4053849206000.0000,664003524.8000,,2477.0000,108.0000,174.0000,3811006000000.0000,3059549000000.0000,209564.9600,161576.3800,104465000000.0000,139010100.0000,1069.0000,70294000000.0000,24027.0400,,,,,,
2012-09-30,1,1,,,,,,,,,,,,,1207600095000.0000,150791864600.0000,2197925855000.0000,4180476743000.0000,689994600.7000,160464130600.0000,2489.0000,108.0000,174.0000,3818897000000.0000,3078230000000.0000,213947.3800,165705.4400,116124000000.0000,139415000.0000,1100.0000,74428000000.0000,23224.8100,208293000000.0000,189215000000.0000,40039000000.0000,28805000000.0000,2024700.0000,63201.7600
2012-10-31,1,,,,,,,,,,,,,,1311428612000.0000,168710000900.0000,2093859043000.0000,4222547940000.0000,683367505.6000,,2493.0000,108.0000,175.0000,3829983000000.0000,3090740000000.0000,212784.0000,165033.3700,101435000000.0000,139684400.0000,1110.0000,59086000000.0000,18258.3300,,,,,,
2012-11-30,1,,,,,,,,,,,,,,1424454239000.0000,188755357100.0000,2124911054000.0000,4275215975000.0000,692163550.3000,,2494.0000,108.0000,175.0000,3834501000000.0000,3106050000000.0000,199378.0800,156247.5700,79700000000.0000,140032700.0000,1134.0000,66012000000.0000,17533.9300,,,,,,
2012-12-31,1,1,1,112174.0000,600401.0000,235271.0000,123469.0000,62751.0000,1283500000000.0000,,7953500000000.0000,3229900000000.0000,2380400000000.0000,5351100000000.0000,1548792981000.0000,217146236900.0000,2344600403000.0000,4509657762000.0000,735457303.9000,171116176300.0000,2494.0000,107.0000,179.0000,3839500000000.0000,3133960000000.0000,230357.6200,181658.2600,151061000000.0000,140459100.0000,1173.0000,113736000000.0000,31722.8700,228208000000.0000,203200000000.0000,63842000000.0000,44140000000.0000,2913000.0000,74705.5500
2013-01-31,1,,,,,,,,,,,,,,201186669600.0000,18542130600.0000,2186483851000.0000,4608882932000.0000,736149331.1000,,2494.0000,107.0000,179.0000,3850455000000.0000,3149291000000.0000,243908.2800,192586.1200,216152000000.0000,134564700.0000,1193.0000,120148000000.0000,43230.3300,,,,,,
2013-02-28,1,,,,,,,,,,,,,,339412372700.0000,35092820400.0000,2171535205000.0000,4654391769000.0000,740509128.7000,,2493.0000,107.0000,179.0000,3857019000000.0000,3168823000000.0000,245516.2200,194357.7300,202015000000.0000,134950000.0000,1215.0000,90586000000.0000,30302.3500,,,,,,
2013-03-31,1,1,,,,,,,,,,,,,515058990600.0000,54560199500.0000,2399219569000.0000,4687541163000.0000,766864640.8000,184308333400.0000,2492.0000,107.0000,179.0000,3864462000000.0000,3177565000000.0000,233684.9700,185161.2400,184440000000.0000,135677500.0000,1257.0000,103572000000.0000,38732.4600,237743000000.0000,214509000000.0000,15241000000.0000,11068000000.0000,713000.0000,87302.2300
2013-04-30,1,,,,,,,,,,,,,,646673699700.0000,73451570100.0000,2207874481000.0000,4769696585000.0000,756361575.5000,,2491.0000,107.0000,178.0000,3880468000000.0000,3192858000000.0000,228641.8900,181468.7000,143127000000.0000,135975300.0000,1282.0000,82383000000.0000,25762.9000,,,,,,
2013-05-31,1,,,,,,,,,,,,,,774388496600.0000,92487103800.0000,2197025013000.0000,4892831084000.0000,767696747.5000,,2491.0000,107.0000,179.0000,3917735000000.0000,3221922000000.0000,247754.7500,196331.8800,204855000000.0000,136398600.0000,1317.0000,117176000000.0000,45068.0900,,,,,,
2013-06-30,1,1,,,,,,,,,,,,,951239990900.0000,113070637500.0000,2340501571000.0000,4942424977000.0000,788396900.8000,192950248900.0000,2491.0000,107.0000,179.0000,3976212000000.0000,3277033000000.0000,212812.9200,169021.5300,167899000000.0000,136767800.0000,1345.0000,110375000000.0000,28542.8400,251729000000.0000,224872000000.0000,35079000000.0000,25776000000.0000,1556600.0000,94548.1600
2013-07-31,1,,,,,,,,,,,,,,1070953483000.0000,132631663200.0000,2230334971000.0000,4984773677000.0000,782594272.8000,,2490.0000,107.0000,179.0000,3999903000000.0000,3559521000000.0000,218531.8300,179611.9600,180670000000.0000,137133800.0000,1369.0000,117977000000.0000,41553.9200,,,,,,
2013-08-31,1,,,,,,,,,,,,,,1194269800000.0000,151548557900.0000,2214220275000.0000,5056427824000.0000,790589242.6000,,2489.0000,107.0000,179.0000,4007089000000.0000,3598539000000.0000,230192.1100,190462.6100,205659000000.0000,137484200.0000,1411.0000,127840000000.0000,45244.8700,,,,,,
2013-09-30,1,1,,,,,,,,,,,,,1343260953000.0000,172712662000.0000,2287862598000.0000,5128024373000.0000,805300247.3000,,2489.0000,107.0000,179.0000,4014629000000.0000,3622045000000.0000,241276.4200,199727.6100,247077000000.0000,131272300.0000,1450.0000,100341000000.0000,46944.6900,262180000000.0000,235556000000.0000,53939000000.0000,38984000000.0000,2170600.0000,101314.6400
2013-10-31,1,,,,,,,,,,,,,,1463162498000.0000,191954224200.0000,2178349262000.0000,5189797264000.0000,798628917.1000,,2489.0000,107.0000,179.0000,4023235000000.0000,3638810000000.0000,236194.5100,196962.8800,241713000000.0000,131658600.0000,1466.0000,86921000000.0000,43508.3800,,,,,,
2013-11-30,1,,,,,,,,,,,,,,1588638157000.0000,214135380200.0000,2181183337000.0000,5287127577000.0000,809036615.0000,,2488.0000,106.0000,181.0000,4029248000000.0000,3650190000000.0000,247684.6100,206533.5100,191265000000.0000,132067900.0000,1505.0000,96398000000.0000,40165.7300,,,,,,
2013-12-31,1,1,1,125278.0000,656005.0000,269361.0000,151778.0000,85218.0000,1232200000000.0000,,8595100000000.0000,3968100000000.0000,2562800000000.0000,6211000000000.0000,1722223752000.0000,245958643700.0000,2264097723000.0000,5423242916000.0000,828869456.0000,216752142100.0000,2489.0000,106.0000,185.0000,4056908000000.0000,3674416000000.0000,230977.1900,199579.5400,180327000000.0000,132471500.0000,1552.0000,102487000000.0000,39672.0400,287141000000.0000,255518000000.0000,83260000000.0000,56861000000.0000,3056500.0000,109071.1100
2014-01-31,1,,,,,,,,,,,,,,336738437700.0000,21494096500.0000,2198792934000.0000,5527802761000.0000,838653761.9000,,2532.0000,105.0000,188.0000,4083699000000.0000,3693754000000.0000,237825.6800,196640.8600,170780000000.0000,132806800.0000,1573.0000,73345000000.0000,35863.7300,,,,,,
2014-02-28,1,,,,,,,,,,,,,,504225750000.0000,39202394600.0000,2242713414000.0000,5594386909000.0000,850446345.9000,,2537.0000,105.0000,188.0000,4087325000000.0000,3703107000000.0000,241683.4600,199927.2900,274690000000.0000,133327600.0000,1585.0000,69150000000.0000,43950.3300,,,,,,
2014-03-31,1,1,,,,,,,,,,,,,699978078700.0000,61275233800.0000,2503118427000.0000,5719714638000.0000,894587389.9000,231373096300.0000,2537.0000,105.0000,190.0000,4097802000000.0000,3713004000000.0000,236625.0600,196953.3600,201674000000.0000,133985200.0000,1622.0000,73415000000.0000,42351.6400,298500000000.0000,268400000000.0000,17865000000.0000,12661000000.0000,663500.0000,117272.0000
2014-04-30,1,,,,,,,,,,,,,,836136998600.0000,82264842300.0000,2310138841000.0000,5848850081000.0000,890099483.1000,,2537.0000,105.0000,190.0000,4146279000000.0000,3733126000000.0000,236275.7000,196626.9000,166582000000.0000,134323700.0000,1642.0000,76839000000.0000,34982.1900,,,,,,
2014-05-31,1,,,,,,,,,,,,,,976567337000.0000,103034576900.0000,2332965843000.0000,5957752680000.0000,904381896.6000,,2537.0000,105.0000,191.0000,4189233000000.0000,3768322000000.0000,239723.6100,199496.7400,138112000000.0000,134609400.0000,1680.0000,79209000000.0000,27622.3400,,,,,,
2014-06-30,1,1,,,,,,,,,,,,,1148871500000.0000,126842605700.0000,2561846037000.0000,6028817755000.0000,937371501.3000,280447508400.0000,2540.0000,104.0000,197.0000,4228466000000.0000,3801033000000.0000,244129.6700,203020.4900,162064000000.0000,135054200.0000,1714.0000,91417000000.0000,32412.7600,305857000000.0000,274961000000.0000,39879000000.0000,28969000000.0000,1469600.0000,124782.2800
2014-07-31,1,,,,,,,,,,,,,,1283148362000.0000,147563836600.0000,2390281316000.0000,6131364741000.0000,932509487.2000,,2549.0000,104.0000,199.0000,4254176000000.0000,3825294000000.0000,261989.4600,219015.7400,232214000000.0000,135584100.0000,1730.0000,100613000000.0000,53409.1200,,,,,,
2014-08-31,1,,,,,,,,,,,,,,1425980555000.0000,169178295700.0000,2402137645000.0000,6179095915000.0000,948250497.0000,,2558.0000,104.0000,199.0000,4266477000000.0000,3840391000000.0000,268701.8400,223989.1200,289997000000.0000,136236600.0000,1759.0000,145472000000.0000,60899.4500,,,,,,
2014-09-30,1,1,,,,,,,,,,,,,1593417469000.0000,193895119500.0000,2509503277000.0000,6258153581000.0000,960757874.2000,294900904500.0000,2569.0000,104.0000,199.0000,4304473000000.0000,3872450000000.0000,293548.1700,243460.3200,365236000000.0000,137133600.0000,1803.0000,157906000000.0000,76699.4800,319891000000.0000,288243000000.0000,60860000000.0000,43443000000.0000,2103400.0000,129483.1800
2014-10-31,1,,,,,,,,,,,,,,1730149868000.0000,215650832800.0000,2464267911000.0000,6336818709000.0000,964770827.4000,,2584.0000,104.0000,200.0000,4319727000000.0000,3881590000000.0000,300486.6600,249171.2700,362442000000.0000,137976200.0000,1821.0000,134868000000.0000,65239.5700,,,,,,
2014-11-30,1,,,,,,,,,,,,,,1871475679000.0000,239916526300.0000,2490672565000.0000,6457206120000.0000,983188981.0000,,2592.0000,104.0000,201.0000,4329688000000.0000,3889214000000.0000,327826.9100,272629.9200,445599000000.0000,139085500.0000,1855.0000,226066000000.0000,89119.7600,,,,,,
2014-12-31,1,1,1,156140.0000,710141.0000,313801.0000,180842.0000,115273.0000,957000000000.0000,,8831200000000.0000,5012300000000.0000,2792100000000.0000,7098100000000.0000,2023481058000.0000,279579240000.0000,2523343933000.0000,6699741178000.0000,1015914713.0000,315994222800.0000,2613.0000,104.0000,206.0000,4361013000000.0000,3910428000000.0000,372546.9600,315624.3100,788533090000.0000,142146800.0000,1897.0000,381659000000.0000,181362.6100,358602000000.0000,319622000000.0000,95495000000.0000,64230000000.0000,3010000.0000,139799.1000
2015-01-31,1,,,,,,,,,,,,,,400556284500.0000,22717535100.0000,2508748619000.0000,6922777476000.0000,1038122680.0000,,2635.0000,104.0000,207.0000,4407732000000.0000,3945398000000.0000,385424.7700,322460.2100,639471000000.0000,144143500.0000,1931.0000,557917000000.0000,127669.9800,,,,,,
2015-02-28,1,,,,,,,,,,,,,,598465573200.0000,44645841200.0000,2492859847000.0000,7063106486000.0000,1054774906.0000,,2656.0000,104.0000,207.0000,4434567000000.0000,3962496000000.0000,407592.6900,338507.3600,506490000000.0000,145263400.0000,1973.0000,275846000000.0000,75973.4700,,,,,,
2015-03-31,1,1,,,,,,,,,,,,,842536585800.0000,69891440200.0000,2638569997000.0000,7255452357000.0000,1087031352.0000,347892669400.0000,2683.0000,104.0000,208.0000,4468019000000.0000,4004315000000.0000,477018.1500,395085.3300,947793000000.0000,150200100.0000,1935.0000,604318000000.0000,208514.3900,367033000000.0000,329469000000.0000,22996000000.0000,16931000000.0000,772500.0000,144098.5900
2015-04-30,1,,,,,,,,,,,,,,1002514595000.0000,94089294000.0000,2543504354000.0000,7496546768000.0000,1102676464.0000,,2713.0000,104.0000,210.0000,4524605000000.0000,4056333000000.0000,563491.3400,467221.3000,1431606710000.0000,163297000.0000,2109.0000,912890000000.0000,300637.4100,,,,,,
2015-05-31,1,,,,,,,,,,,,,,1166640633000.0000,118864224300.0000,2548785096000.0000,7756692143000.0000,1131001421.0000,,2754.0000,104.0000,210.0000,4597302000000.0000,4116351000000.0000,627465.4600,504682.8500,1560379250000.0000,175282100.0000,2232.0000,992318000000.0000,312075.8500,,,,,,
2015-06-30,1,1,,,,,,,,,,,,,1370252942000.0000,149246933100.0000,2679087653000.0000,7689361207000.0000,1142969151.0000,383669311400.0000,2797.0000,104.0000,213.0000,4738872000000.0000,4200040000000.0000,627465.4600,584573.6500,1745775000000.0000,188205500.0000,2379.0000,1430067000000.0000,366612.8400,416176000000.0000,354752000000.0000,54406000000.0000,39186000000.0000,1811000.0000,158658.3700
2015-07-31,1,,,,,,,,,,,,,,1538375859000.0000,174694964900.0000,2542818585000.0000,7630266933000.0000,1122941074.0000,,2800.0000,103.0000,215.0000,4795456000000.0000,4240075000000.0000,504845.6400,405230.9200,1223657260000.0000,194131700.0000,2451.0000,1351713000000.0000,281441.1700,,,,,,
2015-08-31,1,,,,,,,,,,,,,,1704666400000.0000,200837489400.0000,2500073079000.0000,7690713675000.0000,1127236368.0000,,2800.0000,103.0000,215.0000,4811447000000.0000,4262383000000.0000,438027.1800,354711.8000,977107000000.0000,198187700.0000,2502.0000,557325000000.0000,205192.5400,,,,,,
2015-09-30,1,1,,,,,,,,,,,,,1904051994000.0000,230358057700.0000,2542465286000.0000,7851003563000.0000,1157795982.0000,388126634700.0000,2800.0000,103.0000,215.0000,4881715000000.0000,4317118000000.0000,419528.1600,339313.9800,580591000000.0000,201518800.0000,2540.0000,277950000000.0000,116118.1900,417794000000.0000,356411000000.0000,82214000000.0000,54871000000.0000,2418900.0000,156190.8900
2015-10-31,1,,,,,,,,,,,,,,2070712439000.0000,257246496000.0000,2418909619000.0000,8187253966000.0000,1183413496.0000,,2800.0000,103.0000,220.0000,4914102000000.0000,4356313000000.0000,476622.0200,384401.1200,886129000000.0000,204878100.0000,2557.0000,205910000000.0000,150641.9400,,,,,,
2015-11-30,1,,,,,,,,,,,,,,2239664643000.0000,288084523400.0000,2528902098000.0000,8324877925000.0000,1207942480.0000,,2799.0000,102.0000,222.0000,4952436000000.0000,4379990000000.0000,503636.1700,399463.8100,1063202000000.0000,209670400.0000,2636.0000,288165000000.0000,223272.3200,,,,,,
2015-12-31,1,1,1,192847.0000,781630.0000,369880.0000,226802.0000,152342.0000,762500000000.0000,,8654100000000.0000,6488300000000.0000,2680800000000.0000,8302400000000.0000,2428251946000.0000,333672149800.0000,2434967450000.0000,8744581204000.0000,1235977649.0000,416879728600.0000,2827.0000,101.0000,231.0000,4999726000000.0000,4402644000000.0000,531304.2000,417925.4000,792992130000.0000,214775700.0000,2724.0000,231549000000.0000,182388.1900,462328000000.0000,381869000000.0000,117606000000.0000,75059000000.0000,3199100.0000,163036.2000
2016-01-31,1,,,,,,,,,,,,,,637673364200.0000,28306232200.0000,2504119896000.0000,8854539635000.0000,1262771981.0000,,2828.0000,101.0000,229.0000,5019782000000.0000,4424343000000.0000,403936.8100,320936.0000,541169000000.0000,218860500.0000,2764.0000,127953000000.0000,108234.2200,,,,,,
2016-02-29,1,,,,,,,,,,,,,,906747854900.0000,54241094700.0000,2472904574000.0000,9070986250000.0000,1292620794.0000,,2835.0000,101.0000,229.0000,5036919000000.0000,4441267000000.0000,397181.5101,315938.2406,488658600000.0000,222378400.0000,2822.0000,78110000000.0000,78185.3755,,,,,,
2016-03-31,1,1,,,,,,,,,,,,,1197912072000.0000,83831691900.0000,2651024536000.0000,9343249176000.0000,1385353420.0000,361319732600.0000,2851.0000,101.0000,231.0000,5061883000000.0000,4460321000000.0000,454199.2600,359898.9100,582527000000.0000,229611100.0000,2899.0000,157500000000.0000,133981.1600,460918000000.0000,386019000000.0000,21499000000.0000,13984000000.0000,591600.0000,165809.9500
2016-04-30,1,,,,,,,,,,,,,,1408012060000.0000,115142473400.0000,2226366073000.0000,9745083350000.0000,1380010971.0000,,2862.0000,101.0000,231.0000,5106677000000.0000,4485932000000.0000,447928.0304,354064.1102,571767370000.0000,234194198.0000,2965.0000,131679000000.0000,114353.4742,,,,,,
2016-05-31,1,,,,,,,,,,,,,,1612017642000.0000,143386162800.0000,2216838621000.0000,9894091663000.0000,1397690028.0000,,2874.0000,101.0000,231.0000,5213402000000.0000,4567957000000.0000,396118.9195,312537.8545,431933790000.0000,238609411.0000,,96305000000.0000,90706.0967,,,,,,
2016-06-30,1,1,,,,,,,,,,,,,1881281665000.0000,176879018400.0000,2360523122000.0000,10202406800000.0000,1426607549.0000,369265278900.0000,2887.0000,101.0000,231.0000,5327009000000.0000,4649215000000.0000,463201.3462,363354.0205,573624320000.0000,243276816.0000,,118724000000.0000,114724.8632,487978000000.0000,398766000000.0000,49642000000.0000,33927000000.0000,1464800.0000,172851.6600
2016-07-30,,,,,,,,,,,,,,,,,,,,,2900.0000,101.0000,233.0000,5383325000000.0000,4688068000000.0000,466558.3340,366604.3072,605985415000.0000,,3179.0000,152071000000.0000,127256.9371,,,,,,
2016-07-31,1,,,,,,,,,,,,,,2083046876000.0000,205077977600.0000,2177479666000.0000,10386348240000.0000,1432593730.0000,,2900.0000,101.0000,233.0000,5383325000000.0000,4688068000000.0000,466558.3340,366604.3072,605985420000.0000,247450745.0000,3179.0000,152071000000.0000,127256.9371,,,,,,
2016-08-31,1,,,,,,,,,,,,,,2295893732000.0000,235155219000.0000,2252695410000.0000,10486097620000.0000,1448263922.0000,,2930.0000,101.0000,234.0000,5437103000000.0000,4724715000000.0000,491732.4092,383200.7286,485943395000.0000,253851221.0000,,141000000000.0000,,,,,,,
2016-09-30,1,1,,,,,,,,,,,,,2516826150000.0000,268597256600.0000,2296136434900.0000,10532482195200.0000,1463190172.5300,383657010800.0000,2952.0000,101.0000,235.0000,5494509000000.0000,4754359000000.0000,485760.8639,377765.3359,413200000000.0000,259431100.0000,,75335000000.0000,,504049000000.0000,413043000000.0000,73080000000.0000,51864000000.0000,2200300.0000,181680.5600
2016-10-31,1,,,,,,,,,,,,,,2701037521000.0000,298962537900.0000,2323422085000.0000,10587689500000.0000,1480266401.0000,,2974.0000,101.0000,236.0000,5529892000000.0000,4769315000000.0000,504859.8999,389791.5410,482800000000.0000,263214000.0000,,71244000000.0000,77246.0000,,,,,,
2016-11-30,1,,,,,,,,,,,,,,2886487111000.0000,335626747500.0000,2352239441000.0000,10766676100000.0000,1496086029.0000,,3008.0000,101.0000,239.0000,5551637000000.0000,4784262000000.0000,530622.7592,408870.3039,590393310000.0000,,,134326000000.0000,129886.5276,,,,,,
2016-12-31,1,1,1,229935.0000,865982.0000,434732.0000,282378.0000,202680.0000,435900000000.0000,,7949600000000.0000,7931100000000.0000,2928600000000.0000,9507200000000.0000,3095910089000.0000,389552487200.0000,2484421073000.0000,10906646190000.0000,1511691650.0000,399068514500.0000,3052.0000,100.0000,241.0000,5582050000000.0000,4820626000000.0000,508245.1055,393266.2743,446763670000.0000,,,90369000000.0000,98288.0069,556996000000.0000,450186000000.0000,111624000000.0000,77182000000.0000,3161000.0000,202186.0700
2017-01-31,1,,,,,,,,,,,,,,855340338700.0000,33988646800.0000,2731174097000.0000,11145641520000.0000,1576535542.0000,,3105.0000,100.0000,242.0000,5646808000000.0000,4847428000000.0000,517112.7064,399912.4398,355726740000.0000,,,55526000000.0000,64030.8128,,,,,,
2017-02-28,1,,,,,,,,,,,,,,1190281388000.0000,62355273800.0000,2580964748000.0000,11271199900000.0000,1595780387.0000,,3137.0000,100.0000,242.0000,5662630000000.0000,4864638000000.0000,538184.8586,413411.9836,449088000000.0000,,,53088000000.0000,80835.8100,,,,,,
2017-03-31,1,1,,,,,,,,,,,,,1586602370000.0000,98597177700.0000,2360499120000.0000,11713097310000.0000,1618151195.0000,415987185900.0000,3185.0000,100.0000,243.0000,5687766000000.0000,4884507000000.0000,539582.9310,413922.5743,504101550000.0000,,,62007000000.0000,115943.3563,577330000000.0000,469536000000.0000,21680000000.0000,15537000000.0000,612300.0000,219669.1100
2017-04-30,1,,,,,,,,,,,,,,1799633039000.0000,131319317000.0000,2120201062000.0000,12031816410000.0000,1598943610.0000,,3223.0000,100.0000,245.0000,5730837000000.0000,4920546000000.0000,527488.7623,405790.4159,511569222200.0000,,,56262000000.0000,92082.4600,,,,,,
2017-05-31,1,,,,,,,,,,,,,,2029180076000.0000,165456167400.0000,2340494452000.0000,11902860760000.0000,1606259672.0000,,3261.0000,100.0000,247.0000,5802406000000.0000,4977313000000.0000,513780.5000,399094.6400,406520000000.0000,,,36760000000.0000,81303.9200,,,,,,
2017-06-30,1,1,,,,,,,,,,,,,2314014955000.0000,203411007000.0000,2159323082000.0000,12340563540000.0000,1643044791.0000,434102737100.0000,3297.0000,100.0000,246.0000,5896943000000.0000,5041008000000.0000,533943.8300,415503.9500,439100000000.0000,,,30281000000.0000,84758.6800,612968000000.0000,488421000000.0000,49782000000.0000,36485000000.0000,1408200.0000,231387.8000
2017-07-31,1,,,,,,,,,,,,,,2526755552000.0000,235678192000.0000,1958811697000.0000,12467646190000.0000,1632382960.0000,,3326.0000,100.0000,248.0000,5954069000000.0000,5088359000000.0000,541749.6200,425421.6300,464819666700.0000,,,31055000000.0000,97612.1300,,,,,,
2017-08-31,1,,,,,,,,,,,,,,2765417700000.0000,267313671600.0000,1961782618000.0000,12500808010000.0000,1636143978.0000,,3362.0000,100.0000,248.0000,5978533000000.0000,5116754000000.0000,561499.0100,439128.5400,511619000000.0000,,,34338000000.0000,117672.3400,,,,,,
2017-09-30,1,1,,,,,,,,,,,,,3045731732000.0000,304253901700.0000,2011346696000.0000,12635825950000.0000,1658243166.0000,452184840200.0000,3399.0000,100.0000,249.0000,6001610000000.0000,5150634000000.0000,568928.6100,445288.2000,548100047600.0000,,,23667000000.0000,115101.0100,634503000000.0000,499589000000.0000,75633000000.0000,55379000000.0000,2102900.0000,206431.5400
2017-10-31,1,,,,,,,,,,,,,,3238876800000.0000,334100321200.0000,1911237412000.0000,12783814600000.0000,1661984320.0000,,3426.0000,100.0000,250.0000,6021637000000.0000,5175212000000.0000,578649.2200,454360.1600,467059294100.0000,,,19133000000.0000,79400.0800,,,,,,
2017-11-30,1,,,,,,,,,,,,,,3439758334000.0000,370585476500.0000,1930210874000.0000,12771776940000.0000,1664096887.0000,,3462.0000,100.0000,250.0000,6049748000000.0000,5191806000000.0000,563488.8100,445375.0800,509252045500.0000,,,25055000000.0000,112035.4500,,,,,,
2017-12-31,1,1,1,,,,,,,,,,,,3658100739000.0000,428806434000.0000,1927407253000.0000,12993214080000.0000,1674893735.0000,469289789500.0000,3485.0000,100.0000,252.0000,6091915000000.0000,5221734000000.0000,567475.3700,449105.3100,382087047600.0000,,,20991000000.0000,80238.2800,,,,,,
2018-01-31,1,,,,,,,,,,,,,,685191917800.0000,31798667200.0000,1883403807000.0000,13136603670000.0000,1690528099.0000,,3500.0000,100.0000,253.0000,6126106000000.0000,5270333000000.0000,585188.0200,470843.1600,522226500000.0000,,,29320000000.0000,114889.8300,,,,,,
2018-02-28,1,,,,,,,,,,,,,,970343726200.0000,61517689900.0000,1908303290000.0000,13090990350000.0000,1688522210.0000,,,,,,,,,,,,,,,,,,,
